Paramètres,,,Tableau de bord
Prix €/m³,"4,36",,Dernier index (m³),=INDEX(B9:B999;COUNT(B9:B999))
Seuil vert (L),350,,Conso du jour (L),=INDEX(C9:C999;COUNT(B9:B999))
Seuil orange (L),600,,Total mois en cours (L),=SUMIFS(C9:C999;H9:H999;YEAR(TODAY())*100+MONTH(TODAY()))
Seuil rouge (L),1000,,Coût mois en cours (€),=SUMIFS(D9:D999;H9:H999;YEAR(TODAY())*100+MONTH(TODAY()))
,,,Statut,=INDEX(E9:E999;COUNT(B9:B999))
,,,,,,,,,,,,
Date,Index_m3,Conso_L,Cout_EUR,Mode_Vacances,Arrosage,Piscine,MoisClé,Semaine,Année,Par mois,Conso (L),Coût (€)
01/06/2026,"553,646",0,0,FALSE,FALSE,FALSE,=YEAR(A9)*100+MONTH(A9),=ISOWEEKNUM(A9),=YEAR(A9),202606,=SUMIFS(C9:C999;H9:H999;K9),=SUMIFS(D9:D999;H9:H999;K9)
02/06/2026,"554,234",=(B10-B9)*1000,=C10/1000*$B$2,FALSE,FALSE,TRUE,=YEAR(A10)*100+MONTH(A10),=ISOWEEKNUM(A10),=YEAR(A10)
03/06/2026,"554,603",=(B11-B10)*1000,=C11/1000*$B$2,FALSE,TRUE,FALSE,=YEAR(A11)*100+MONTH(A11),=ISOWEEKNUM(A11),=YEAR(A11),Par semaine,Conso (L)
04/06/2026,"554,663",=(B12-B11)*1000,=C12/1000*$B$2,FALSE,FALSE,FALSE,=YEAR(A12)*100+MONTH(A12),=ISOWEEKNUM(A12),=YEAR(A12),23,=SUMIFS(C9:C999;I9:I999;K12)
05/06/2026,"555,888",=(B13-B12)*1000,=C13/1000*$B$2,FALSE,FALSE,TRUE,=YEAR(A13)*100+MONTH(A13),=ISOWEEKNUM(A13),=YEAR(A13)
06/06/2026,"556,3335",=(B14-B13)*1000,=C14/1000*$B$2,FALSE,FALSE,FALSE,=YEAR(A14)*100+MONTH(A14),=ISOWEEKNUM(A14),=YEAR(A14),Par an,Conso (L)
07/06/2026,"556,779",=(B15-B14)*1000,=C15/1000*$B$2,FALSE,FALSE,FALSE,=YEAR(A15)*100+MONTH(A15),=ISOWEEKNUM(A15),=YEAR(A15),2026,=SUMIFS(C9:C999;J9:J999;K15)
